{"hidden_layer_sizes": [20, 10], "learning_rate_init": 0.1, "momentum": 0.99, "mean_accuracy": 0.7198814229249011, "std_accuracy": 0.037662840936416}