{"hidden_layer_sizes": [30, 15], "learning_rate_init": 0.2, "momentum": 0.9, "mean_accuracy": 0.7194861660079053, "std_accuracy": 0.024432537047258094}