{"hidden_layer_sizes": [30, 15], "learning_rate_init": 0.1, "momentum": 0.9, "mean_accuracy": 0.7231620553359683, "std_accuracy": 0.024801040860009272}