{"hidden_layer_sizes": [30, 15], "learning_rate_init": 0.01, "momentum": 0.99, "mean_accuracy": 0.6887154150197629, "std_accuracy": 0.03473102422627843}