{"hidden_layer_sizes": [10, 5], "learning_rate_init": 0.1, "momentum": 0.9, "mean_accuracy": 0.7072332015810276, "std_accuracy": 0.037611162032619855}