{"hidden_layer_sizes": [20, 10], "learning_rate_init": 0.1, "momentum": 0.5, "mean_accuracy": 0.7107905138339922, "std_accuracy": 0.03362800228631083}