{"hidden_layer_sizes": [20, 10], "learning_rate_init": 0.01, "momentum": 0.9, "mean_accuracy": 0.7223715415019764, "std_accuracy": 0.034934853657379056}