{"hidden_layer_sizes": [20, 10], "learning_rate_init": 0.2, "momentum": 0.99, "mean_accuracy": 0.6627470355731224, "std_accuracy": 0.03367020007055682}