{"hidden_layer_sizes": [20, 10], "learning_rate_init": 0.1, "momentum": 0.9, "mean_accuracy": 0.7278260869565216, "std_accuracy": 0.034834088744977926}