{"hidden_layer_sizes": [10, 5], "learning_rate_init": 0.01, "momentum": 0.5, "mean_accuracy": 0.6501383399209486, "std_accuracy": 0.018433248212402723}