{"hidden_layer_sizes": [10, 5], "learning_rate_init": 0.01, "momentum": 0.9, "mean_accuracy": 0.715790513833992, "std_accuracy": 0.0405338762726371}