{"hidden_layer_sizes": [10, 5], "learning_rate_init": 0.1, "momentum": 0.99, "mean_accuracy": 0.6733201581027669, "std_accuracy": 0.03791490516185948}