{"hidden_layer_sizes": [20, 10], "learning_rate_init": 0.01, "momentum": 0.99, "mean_accuracy": 0.6687351778656125, "std_accuracy": 0.031881801224590695}