{"hidden_layer_sizes": [20, 10], "learning_rate_init": 0.2, "momentum": 0.9, "mean_accuracy": 0.6986363636363635, "std_accuracy": 0.032932865859274206}