{"hidden_layer_sizes": [30, 15], "learning_rate_init": 0.1, "momentum": 0.99, "mean_accuracy": 0.7172332015810277, "std_accuracy": 0.047345344571352616}