{"hidden_layer_sizes": [30, 15], "learning_rate_init": 0.01, "momentum": 0.5, "mean_accuracy": 0.6556324110671936, "std_accuracy": 0.018768617694717004}