{"hidden_layer_sizes": [10, 5], "learning_rate_init": 0.2, "momentum": 0.99, "mean_accuracy": 0.6446245059288538, "std_accuracy": 0.03195301996697528}