{"hidden_layer_sizes": [30, 15], "learning_rate_init": 0.01, "momentum": 0.9, "mean_accuracy": 0.7525889328063242, "std_accuracy": 0.01784289497946626}