{"hidden_layer_sizes": [10, 5], "learning_rate_init": 0.01, "momentum": 0.99, "mean_accuracy": 0.6600592885375494, "std_accuracy": 0.03317603831135546}