{"hidden_layer_sizes": [10, 5], "learning_rate_init": 0.01, "momentum": 0.5, "accuracy": [0.6458498023715415, 0.6458498023715415, 0.6367588932806324, 0.6822134387351778, 0.6375494071146245, 0.7169960474308301, 0.6466403162055336, 0.6735177865612648, 0.6458498023715415, 0.6731225296442688, 0.7177865612648221, 0.6545454545454545, 0.7086956521739131, 0.6371541501976284, 0.6644268774703557, 0.6636363636363636, 0.6545454545454545, 0.6636363636363636, 0.7086956521739131, 0.6371541501976286]}