{"hidden_layer_sizes": [20, 10], "learning_rate_init": 0.01, "momentum": 0.5, "accuracy": [0.6992094861660079, 0.6640316205533597, 0.6992094861660079, 0.6988142292490117, 0.708300395256917, 0.7347826086956522, 0.7086956521739131, 0.6901185770750988, 0.6723320158102768, 0.6727272727272726, 0.6727272727272726, 0.6992094861660079, 0.6640316205533596, 0.6992094861660079, 0.6996047430830039, 0.6735177865612648, 0.6992094861660079, 0.6901185770750988, 0.7264822134387352, 0.6992094861660079]}