{"hidden_layer_sizes": [30, 15], "learning_rate_init": 0.1, "momentum": 0.5, "accuracy": [0.6806324110671935, 0.7169960474308301, 0.6909090909090908, 0.7158102766798418, 0.7169960474308299, 0.7075098814229248, 0.6628458498023715, 0.7343873517786561, 0.7347826086956522, 0.7169960474308301, 0.6723320158102767, 0.7162055335968379, 0.716205533596838, 0.6719367588932805, 0.7434782608695653, 0.7430830039525692, 0.6988142292490117, 0.7166007905138339, 0.7071146245059288, 0.7075098814229248]}