{"hidden_layer_sizes": [20, 10], "learning_rate_init": 0.2, "momentum": 0.99, "accuracy": [0.7079051383399209, 0.6818181818181819, 0.6549407114624506, 0.691304347826087, 0.6371541501976284, 0.6636363636363636, 0.6039525691699603, 0.7, 0.6007905138339921, 0.6648221343873517, 0.7075098814229248, 0.6557312252964428, 0.5924901185770751, 0.6818181818181819, 0.6992094861660079, 0.7173913043478262, 0.6466403162055336, 0.7, 0.6466403162055336, 0.7256916996047431]}