{"hidden_layer_sizes": [30, 15], "learning_rate_init": 0.01, "momentum": 0.9, "accuracy": [0.7430830039525691, 0.7347826086956522, 0.7517786561264822, 0.7343873517786561, 0.7960474308300395, 0.7517786561264822, 0.7430830039525691, 0.7695652173913043, 0.7782608695652173, 0.7339920948616601, 0.7699604743083004, 0.7873517786561266, 0.7347826086956522, 0.7869565217391304, 0.7695652173913043, 0.7086956521739131, 0.724901185770751, 0.7695652173913043, 0.6731225296442688, 0.7687747035573123]}