{"hidden_layer_sizes": [30, 15], "learning_rate_init": 0.2, "momentum": 0.9, "accuracy": [0.6727272727272727, 0.7434782608695653, 0.7260869565217393, 0.7260869565217393, 0.7079051383399209, 0.7600790513833993, 0.7343873517786562, 0.7169960474308299, 0.7162055335968379, 0.7355731225296444, 0.6988142292490118, 0.7181818181818181, 0.708300395256917, 0.699604743083004, 0.7079051383399209, 0.6901185770750988, 0.6984189723320158, 0.7079051383399209, 0.7, 0.7347826086956522]}