{"hidden_layer_sizes": [20, 10], "learning_rate_init": 0.2, "momentum": 0.9, "accuracy": [0.6810276679841897, 0.7256916996047431, 0.7521739130434782, 0.7252964426877471, 0.6723320158102767, 0.7869565217391304, 0.6719367588932805, 0.7264822134387352, 0.7162055335968379, 0.6897233201581028, 0.7608695652173912, 0.6909090909090909, 0.6905138339920949, 0.7071146245059288, 0.7079051383399209, 0.7264822134387352, 0.7169960474308299, 0.7260869565217393, 0.6731225296442688, 0.716600790513834]}