{"hidden_layer_sizes": [10, 5], "learning_rate_init": 0.1, "momentum": 0.99, "accuracy": [0.6988142292490117, 0.592885375494071, 0.7090909090909091, 0.707905138339921, 0.6632411067193675, 0.6272727272727272, 0.7430830039525691, 0.6280632411067193, 0.6545454545454545, 0.7343873517786561, 0.6723320158102767, 0.6371541501976284, 0.6284584980237153, 0.6723320158102767, 0.6557312252964427, 0.6375494071146245, 0.6719367588932805, 0.6632411067193675, 0.6549407114624506, 0.6355731225296443]}