{"hidden_layer_sizes": [10, 5], "learning_rate_init": 0.01, "momentum": 0.9, "accuracy": [0.7075098814229248, 0.6636363636363636, 0.7075098814229248, 0.6739130434782609, 0.7166007905138339, 0.7434782608695653, 0.7351778656126482, 0.6458498023715415, 0.7430830039525691, 0.6889328063241107, 0.6454545454545454, 0.7343873517786561, 0.7513833992094862, 0.6988142292490118, 0.7355731225296444, 0.7086956521739131, 0.7241106719367588, 0.716205533596838, 0.7169960474308301, 0.7347826086956522]}