{"hidden_layer_sizes": [10, 5], "learning_rate_init": 0.01, "momentum": 0.99, "accuracy": [0.7328063241106719, 0.6893280632411066, 0.6284584980237155, 0.6284584980237155, 0.6284584980237155, 0.6739130434782609, 0.6284584980237155, 0.6284584980237155, 0.5849802371541502, 0.6371541501976284, 0.6375494071146245, 0.6284584980237155, 0.6648221343873517, 0.6284584980237155, 0.6284584980237155, 0.6371541501976284, 0.6284584980237155, 0.6545454545454545, 0.6909090909090909, 0.5936758893280631]}