{"hidden_layer_sizes": [20, 10], "learning_rate_init": 0.01, "momentum": 0.9, "accuracy": [0.7347826086956522, 0.7071146245059289, 0.7513833992094862, 0.7426877470355732, 0.751383399209486, 0.7695652173913043, 0.7703557312252964, 0.7521739130434782, 0.742687747035573, 0.724901185770751, 0.7604743083003952, 0.7521739130434784, 0.7604743083003952, 0.7873517786561265, 0.7695652173913043, 0.7612648221343875, 0.7525691699604744, 0.7434782608695653, 0.7347826086956522, 0.7173913043478262]}