{"hidden_layer_sizes": [20, 10], "learning_rate_init": 0.1, "momentum": 0.5, "accuracy": [0.7339920948616601, 0.7173913043478262, 0.7343873517786561, 0.7158102766798419, 0.7079051383399209, 0.7173913043478262, 0.7075098814229248, 0.6988142292490119, 0.7245059288537549, 0.6992094861660079, 0.6992094861660079, 0.726086956521739, 0.7158102766798418, 0.741897233201581, 0.742687747035573, 0.7162055335968379, 0.742687747035573, 0.7162055335968379, 0.6996047430830041, 0.7616600790513834]}