{"hidden_layer_sizes": [20, 10], "learning_rate_init": 0.1, "momentum": 0.99, "accuracy": [0.7083003952569171, 0.6905138339920949, 0.6545454545454545, 0.6818181818181819, 0.7612648221343873, 0.6818181818181819, 0.7608695652173914, 0.6027667984189723, 0.6822134387351778, 0.6814229249011858, 0.6905138339920949, 0.6822134387351778, 0.6644268774703558, 0.725691699604743, 0.7343873517786561, 0.6905138339920949, 0.6367588932806324, 0.6363636363636364, 0.6462450592885375, 0.6545454545454545]}