{"hidden_layer_sizes": [20, 10], "learning_rate_init": 0.01, "momentum": 0.99, "accuracy": [0.6719367588932805, 0.6739130434782609, 0.6284584980237155, 0.7616600790513834, 0.7169960474308301, 0.6284584980237155, 0.7169960474308301, 0.6648221343873517, 0.6632411067193675, 0.691304347826087, 0.7264822134387352, 0.7169960474308301, 0.6723320158102767, 0.6648221343873517, 0.6284584980237155, 0.699604743083004, 0.6466403162055336, 0.6284584980237155, 0.6719367588932805, 0.6719367588932805]}