{"hidden_layer_sizes": [20, 10], "learning_rate_init": 0.1, "momentum": 0.9, "accuracy": [0.7343873517786562, 0.6909090909090909, 0.707905138339921, 0.6723320158102768, 0.6988142292490118, 0.7517786561264822, 0.6972332015810276, 0.6798418972332015, 0.6549407114624506, 0.7703557312252964, 0.6727272727272726, 0.6810276679841898, 0.6980237154150197, 0.6735177865612648, 0.6984189723320158, 0.6719367588932805, 0.7347826086956522, 0.7075098814229249, 0.7339920948616601, 0.751383399209486]}