{"hidden_layer_sizes": [30, 15], "learning_rate_init": 0.2, "momentum": 0.5, "accuracy": [0.6723320158102768, 0.7173913043478262, 0.6102766798418972, 0.6272727272727272, 0.6727272727272726, 0.6454545454545454, 0.6446640316205533, 0.6375494071146245, 0.6893280632411066, 0.7158102766798419, 0.7075098814229248, 0.6624505928853754, 0.6363636363636364, 0.6189723320158103, 0.6897233201581028, 0.6363636363636364, 0.6897233201581028, 0.6810276679841897, 0.6905138339920949, 0.6984189723320158]}