{"hidden_layer_sizes": [30, 15], "learning_rate_init": 0.2, "momentum": 0.99, "accuracy": [0.6814229249011857, 0.7086956521739131, 0.7, 0.6822134387351778, 0.6810276679841897, 0.6802371541501977, 0.6185770750988142, 0.6553359683794466, 0.6549407114624506, 0.7, 0.6462450592885376, 0.6731225296442688, 0.6814229249011858, 0.7687747035573123, 0.6818181818181819, 0.6719367588932805, 0.6735177865612648, 0.6905138339920949, 0.6549407114624506, 0.6905138339920949]}