{"hidden_layer_sizes": [30, 15], "learning_rate_init": 0.01, "momentum": 0.99, "accuracy": [0.7450592885375494, 0.6284584980237155, 0.6648221343873517, 0.673913043478261, 0.7102766798418972, 0.6284584980237155, 0.6901185770750988, 0.6980237154150197, 0.6375494071146245, 0.6830039525691699, 0.7778656126482214, 0.7446640316205533, 0.6909090909090909, 0.6375494071146245, 0.6901185770750988, 0.742687747035573, 0.7438735177865612, 0.6893280632411066, 0.6806324110671936, 0.7090909090909091]}