{"hidden_layer_sizes": [30, 15], "learning_rate_init": 0.1, "momentum": 0.99, "accuracy": [0.7438735177865613, 0.7968379446640317, 0.7166007905138339, 0.6719367588932805, 0.7154150197628458, 0.7525691699604744, 0.6458498023715415, 0.6640316205533596, 0.6893280632411066, 0.7347826086956522, 0.6731225296442688, 0.7162055335968379, 0.6992094861660079, 0.7264822134387352, 0.708300395256917, 0.6727272727272727, 0.6735177865612648, 0.7434782608695653, 0.7525691699604744, 0.726086956521739]}