{"hidden_layer_sizes": [20, 10], "learning_rate_init": 0.2, "momentum": 0.5, "accuracy": [0.6557312252964427, 0.6723320158102766, 0.6632411067193675, 0.6185770750988142, 0.7158102766798418, 0.6988142292490117, 0.6375494071146244, 0.6897233201581027, 0.673913043478261, 0.7442687747035572, 0.6901185770750988, 0.6458498023715415, 0.6288537549407115, 0.6905138339920949, 0.6628458498023715, 0.6996047430830041, 0.6719367588932805, 0.6367588932806324, 0.6296442687747035, 0.6723320158102768]}