{"hidden_layer_sizes": [10, 5], "learning_rate_init": 0.1, "momentum": 0.9, "accuracy": [0.7162055335968379, 0.7513833992094862, 0.7430830039525691, 0.7343873517786561, 0.7430830039525691, 0.6810276679841898, 0.7158102766798418, 0.6462450592885375, 0.725296442687747, 0.6814229249011858, 0.708300395256917, 0.7434782608695653, 0.7075098814229248, 0.707905138339921, 0.7079051383399209, 0.7075098814229249, 0.6731225296442689, 0.6640316205533597, 0.682608695652174, 0.6640316205533596]}