{"hidden_layer_sizes": [10, 5], "learning_rate_init": 0.1, "momentum": 0.5, "accuracy": [0.6897233201581028, 0.7256916996047431, 0.6984189723320158, 0.7252964426877471, 0.6814229249011857, 0.7604743083003952, 0.733596837944664, 0.7604743083003952, 0.6624505928853754, 0.7521739130434784, 0.7169960474308301, 0.6893280632411066, 0.6715415019762845, 0.708300395256917, 0.6537549407114625, 0.6897233201581028, 0.6640316205533596, 0.7067193675889328, 0.6723320158102767, 0.7079051383399209]}