{"hidden_layer_sizes": [10, 5], "learning_rate_init": 0.2, "momentum": 0.99, "accuracy": [0.6893280632411066, 0.6371541501976284, 0.600395256916996, 0.6557312252964427, 0.6102766798418973, 0.6458498023715415, 0.6284584980237155, 0.6284584980237155, 0.6371541501976284, 0.6644268774703557, 0.6632411067193675, 0.7003952569169961, 0.7616600790513834, 0.6988142292490119, 0.6371541501976284, 0.6363636363636364, 0.6458498023715415, 0.6545454545454545, 0.6553359683794466, 0.6980237154150197]}