{"hidden_layer_sizes": [10, 5], "learning_rate_init": 0.2, "momentum": 0.5, "accuracy": [0.6897233201581028, 0.6632411067193676, 0.6727272727272727, 0.6276679841897232, 0.6276679841897232, 0.691304347826087, 0.6553359683794466, 0.6810276679841897, 0.6648221343873517, 0.601581027667984, 0.7430830039525691, 0.691304347826087, 0.6549407114624506, 0.6557312252964427, 0.6533596837944663, 0.7347826086956522, 0.6727272727272726, 0.6181818181818182, 0.6288537549407114, 0.6715415019762845]}