{"hidden_layer_sizes": [30, 15], "learning_rate_init": 0.01, "momentum": 0.5, "accuracy": [0.6905138339920949, 0.6636363636363636, 0.708300395256917, 0.6901185770750988, 0.6909090909090908, 0.7264822134387352, 0.6727272727272726, 0.6992094861660079, 0.6901185770750988, 0.6818181818181819, 0.6992094861660079, 0.6818181818181819, 0.6727272727272726, 0.6644268774703557, 0.6723320158102767, 0.6905138339920949, 0.6909090909090908, 0.7086956521739131, 0.6992094861660079, 0.6992094861660079]}