{"hidden_layer_sizes": [10, 5], "learning_rate_init": 0.2, "momentum": 0.9, "accuracy": [0.6822134387351778, 0.6901185770750988, 0.699604743083004, 0.6806324110671936, 0.7, 0.709090909090909, 0.6901185770750988, 0.6798418972332015, 0.6565217391304348, 0.6545454545454545, 0.7166007905138339, 0.7173913043478262, 0.6553359683794466, 0.6992094861660079, 0.6549407114624506, 0.6901185770750987, 0.6628458498023715, 0.6893280632411066, 0.6636363636363637, 0.6181818181818182]}