{"hidden_layer_sizes": [30, 15], "learning_rate_init": 0.1, "momentum": 0.9, "accuracy": [0.7335968379446639, 0.759683794466403, 0.7158102766798419, 0.6794466403162056, 0.6806324110671935, 0.7332015810276679, 0.6984189723320158, 0.7252964426877471, 0.6648221343873517, 0.7158102766798419, 0.6632411067193675, 0.7339920948616601, 0.7169960474308299, 0.6810276679841898, 0.6988142292490117, 0.7260869565217393, 0.7071146245059288, 0.6814229249011858, 0.7343873517786561, 0.7525691699604742]}